<application>
  <component name="FileTypeManager" version="19">
    <ignoreFiles list="*$py.class;*.pyc;*.pyo;*.rbc;*.yarb;*~;.DS_Store;.git;.hg;.mypy_cache;.pytest_cache;.ruff_cache;.svn;CVS;__pycache__;_svn;vssver.scc;vssver2.scc" />
    <extensionMap>
      <mapping pattern=".gitkeep" type="PLAIN_TEXT" />
      <removed_mapping ext="csv" approved="true" type="CSV" />
      <removed_mapping ext="csv" approved="true" type="CSV/TSV" />
      <removed_mapping ext="dockerignore" approved="true" type="DockerIgnore file" />
      <removed_mapping ext="html" approved="true" type="Angular2Html" />
      <removed_mapping ext="ignore" approved="true" type="IgnoreLang file" />
      <removed_mapping ext="pdf" approved="true" type="Native" />
      <removed_mapping ext="postman_collection" approved="true" type="JSON" />
      <removed_mapping ext="postman_collection.json" approved="true" type="JSON" />
      <removed_mapping ext="postman_environment" approved="true" type="JSON" />
      <removed_mapping ext="postman_environment.json" approved="true" type="JSON" />
      <removed_mapping ext="tsv" approved="true" type="CSV/TSV" />
      <mapping ext="octet-stream" type="PDF" />
    </extensionMap>
  </component>
</application>