<profile version="1.0">
  <option name="myName" value="Default" />
  <inspection_tool class="PyPackageRequirementsInspection" enabled="true" level="WARNING" enabled_by_default="true">
    <option name="ignoredPackages">
      <value>
        <list size="14">
          <item index="0" class="java.lang.String" itemvalue="coverage" />
          <item index="1" class="java.lang.String" itemvalue="pytest" />
          <item index="2" class="java.lang.String" itemvalue="pandocfilters" />
          <item index="3" class="java.lang.String" itemvalue="jupyterlab-pygments" />
          <item index="4" class="java.lang.String" itemvalue="flake8" />
          <item index="5" class="java.lang.String" itemvalue="mistune" />
          <item index="6" class="java.lang.String" itemvalue="freezegun" />
          <item index="7" class="java.lang.String" itemvalue="mccabe" />
          <item index="8" class="java.lang.String" itemvalue="send2trash" />
          <item index="9" class="java.lang.String" itemvalue="widgetsnbextension" />
          <item index="10" class="java.lang.String" itemvalue="argon2-cffi" />
          <item index="11" class="java.lang.String" itemvalue="qtpy" />
          <item index="12" class="java.lang.String" itemvalue="jsonschema" />
          <item index="13" class="java.lang.String" itemvalue="ipywidgets" />
        </list>
      </value>
    </option>
  </inspection_tool>
</profile>