<code_scheme name="Default" version="173">
  <CsvCodeStyleSettings>
    <option name="SPACE_AFTER_SEPARATOR" value="true" />
    <option name="TRIM_LEADING_WHITE_SPACES" value="true" />
    <option name="TRIM_TRAILING_WHITE_SPACES" value="true" />
  </CsvCodeStyleSettings>
  <TypeScriptCodeStyleSettings version="0">
    <option name="USE_DOUBLE_QUOTES" value="false" />
    <option name="ENFORCE_TRAILING_COMMA" value="Remove" />
    <option name="SPACES_WITHIN_OBJECT_LITERAL_BRACES" value="true" />
    <option name="SPACES_WITHIN_IMPORTS" value="true" />
    <option name="IMPORT_SORT_MODULE_NAME" value="true" />
  </TypeScriptCodeStyleSettings>
  <codeStyleSettings language="TypeScript">
    <indentOptions>
      <option name="INDENT_SIZE" value="2" />
      <option name="CONTINUATION_INDENT_SIZE" value="2" />
      <option name="TAB_SIZE" value="2" />
    </indentOptions>
  </codeStyleSettings>
</code_scheme>